{
	"Sylva": {
		"_coords": {
			"x": 0.9061520785635712,
			"y": 0.021874065565892657
		},
		"Parson's Tannery": {
			"_coords": {
				"x": 0.9400775632996862,
				"y": 0.010753543431117427
			},
			"P3": {
				"x": 0.9403962826709085,
				"y": 0.00785153693105636
			},
			"SP1": {
				"x": 0.9556113485760478,
				"y": 0.011531989282174852
			},
			"HD1": {
				"x": 0.9471880452569931,
				"y": 0.014263871439706106
			},
			"SH1": {
				"x": 0.9396374265160387,
				"y": 0.01183553174412277
			}
		},
		"Sylva Building Supply": {
			"_coords": {
				"x": 0.9524148637720684,
				"y": 0.020300501443154654
			},
			"R1": {
				"x": 0.9517523042875646,
				"y": 0.01904658281422091
			}
		},
		"Sylva Coal & Lumber": {
			"_coords": {
				"x": 0.9124463350545231,
				"y": 0.014556992395160949
			},
			"SC1": {
				"x": 0.9121757090561937,
				"y": 0.01665639838614165
			}
		},
		"Sylva Depot": {
			"_coords": {
				"x": 0.9066241478003925,
				"y": 0.01833354628973215
			},
			"Sylva Station": {
				"x": 0.9063766334398051,
				"y": 0.018490924210149105
			}
		},
		"Sylva Interchange": {
			"_coords": {
				"x": 0.9712189550387875,
				"y": 0.017861477052910753
			},
			"Sylva Interchange": {
				"x": 0.9710514986283585,
				"y": 0.017667173556675353
			}
		},
		"Sylva Paperboard": {
			"_coords": {
				"x": 0.9400775632996862,
				"y": 0.010753543431117427
			},
			"P2": {
				"x": 0.9364537642053896,
				"y": 0.006980769951791208
			},
			"S1": {
				"x": 0.9338129447864427,
				"y": 0.018909988706344347
			},
			"PW1": {
				"x": 0.9330844428777678,
				"y": 0.014129194930664654
			},
			"R1-A": {
				"x": 0.9434200637070943,
				"y": 0.020093804307941224
			},
			"R1-B": {
				"x": 0.9397775541637193,
				"y": 0.020184867046525598
			},
			"CS1": {
				"x": 0.9415077461968224,
				"y": 0.018818925967759973
			}
		}
	},
	"Dillsboro": {
		"_coords": {
			"x": 0.872020795109211,
			"y": 0.013072062576932357
		},
		"Blue Ridge Locust Pin Co.": {
			"_coords": {
				"x": 0.8789444772492583,
				"y": 0.019838388304705763
			},
			"Locust Pin Co BR3": {
				"x": 0.8757166084731354,
				"y": 0.01899876928674605
			}
		},
		"Dillsboro Depot": {
			"_coords": {
				"x": 0.8751679233546871,
				"y": 0.015825799791723858
			},
			"Dillsboro Station": {
				"x": 0.8749881065644604,
				"y": 0.017223045884350738
			}
		},
		"Dillsboro Engine Service": {
			"_coords": {
				"x": 0.8263087573436722,
				"y": 0.014173557462848959
			},
			"Repair Track": {
				"x": 0.8220364864907868,
				"y": 0.014431912292657504
			},
			"Coaling Tower": {
				"x": 0.8360753253558779,
				"y": 0.015380482486244743
			},
			"Diesel Stand": {
				"x": 0.8380862941662829,
				"y": 0.015456368101731724
			}
		},
		"Dillsboro Freight House": {
			"_coords": {
				"x": 0.8637595834648366,
				"y": 0.019681031892431963
			},
			"FR1": {
				"x": 0.8680673384320479,
				"y": 0.018862175178869487
			}
		},
		"Dillsboro Fuel": {
			"_coords": {
				"x": 0.8699751617496516,
				"y": 0.019681031892431963
			},
			"R1": {
				"x": 0.8713000656517932,
				"y": 0.01895323791745386
			}
		}
	},
	"Barker's Creek": {
		"_coords": {
			"x": 0.7708291193254786,
			"y": 0.013538818247442748
		},
		"Barker's Creek Pulpwood Spur": {
			"_coords": {
				"x": 0.77916900917599,
				"y": 0.020383822181353053
			},
			"Barker's Creek Pulpwood Spur": {
				"x": 0.7789501611598431,
				"y": 0.018974118033523585
			}
		}
	},
	"Wilmot": {
		"_coords": {
			"x": 0.7491139344316937,
			"y": 0.01338146183516893
		},
		"Sley Mica & Shist": {
			"_coords": {
				"x": 0.7448653113003011,
				"y": 0.019282327295436434
			},
			"Sley Mica & Shist": {
				"x": 0.7496746716331462,
				"y": 0.019026021164811852
			}
		},
		"Wilmot Station": {
			"_coords": {
				"x": 0.7493499690501044,
				"y": 0.017158015729740135
			},
			"Wilmot Station": {
				"x": 0.7493268625621642,
				"y": 0.017824498919601348
			},
			"House Track": {
				"x": 0.7504651467944689,
				"y": 0.020227543410022357
			}
		}
	},
	"Connelly Creek": {
		"_coords": {
			"x": 0.6830841815557532,
			"y": 0.024976458958586984
		},
		"": {
			"L1": {
				"x": 0.6858725773458397,
				"y": 0.021437484615984416
			},
			"P1": {
				"x": 0.686125529397463,
				"y": 0.0201727243578681
			},
			"L2": {
				"x": 0.693682471939708,
				"y": 0.02380891009995252
			},
			"P2": {
				"x": 0.694061900017143,
				"y": 0.025010432345163026
			},
			"L3": {
				"x": 0.6932398058493673,
				"y": 0.020235962370773915
			},
			"P3/P4": {
				"x": 0.6996584641593077,
				"y": 0.023113291957988544
			}
		}
	},
	"Whittier": {
		"_coords": {
			"x": 0.650014830811394,
			"y": 0.013547654016703341
		},
		"East Whittier Engine Service": {
			"_coords": {
				"x": 0.7000265932080106,
				"y": 0.015474777946944001
			},
			"Coal Loader": {
				"x": 0.6970304943440601,
				"y": 0.01667755788338189
			},
			"Repair Track": {
				"x": 0.7021246676059175,
				"y": 0.014898988770405814
			},
			"Diesel Stand": {
				"x": 0.7034860414948622,
				"y": 0.01667755788338189
			}
		},
		"East Whittier Interchange": {
			"_coords": {
				"x": 0.7092712824290963,
				"y": 0.017310602756805002
			},
			"East Whittier Interchange": {
				"x": 0.7094252393307395,
				"y": 0.01543775471332699
			}
		},
		"Hollifield Heating Oil": {
			"_coords": {
				"x": 0.6420014161820464,
				"y": 0.02045773100228101
			},
			"R1": {
				"x": 0.6456150284006112,
				"y": 0.021474688364163018
			}
		},
		"Stenzel Mfg": {
			"_coords": {
				"x": 0.6567535798327152,
				"y": 0.02262138167104576
			},
			"BB2": {
				"x": 0.6564901751444607,
				"y": 0.021474688364163018
			}
		},
		"Whittier Depot": {
			"_coords": {
				"x": 0.6513772357466937,
				"y": 0.018490775848858505
			},
			"Whittier Depot": {
				"x": 0.6500803204411323,
				"y": 0.018377792271543625
			},
			"House Track": {
				"x": 0.6445347158101626,
				"y": 0.016541260867780964
			}
		},
		"Whittier Sawmill": {
			"_coords": {
				"x": 0.6852744295573412,
				"y": 0.012458780045029502
			},
			"R1": {
				"x": 0.6861903308122762,
				"y": 0.015432288962848335
			},
			"C2": {
				"x": 0.6904395603347075,
				"y": 0.014243945113354847
			},
			"SO1/SO2": {
				"x": 0.6910157270496134,
				"y": 0.012047309512775975
			}
		}
	},
	"Ela": {
		"_coords": {
			"x": 0.6154303500325329,
			"y": 0.01966115442231686
		},
		"Ela Farm Supply": {
			"_coords": {
				"x": 0.6172006096706124,
				"y": 0.012776811385338092
			},
			"R1": {
				"x": 0.6172278697068384,
				"y": 0.01413336475956251
			}
		},
		"Ela Station": {
			"_coords": {
				"x": 0.6267600117162453,
				"y": 0.017038547551086844
			},
			"House ERI": {
				"x": 0.6170381556681209,
				"y": 0.015461363030584646
			},
			"Ela Station": {
				"x": 0.6268084286620695,
				"y": 0.017975074043590833
			}
		}
	},
	"Walker": {
		"_coords": {
			"x": 0.5716065892142782,
			"y": 0.027424070761157663
		},
		"": {
			"Lower Logs": {
				"x": 0.5692332998055756,
				"y": 0.031609610851510705
			},
			"Lower Pulpwood": {
				"x": 0.5569493157986208,
				"y": 0.03284275210317411
			},
			"Upper Logs": {
				"x": 0.5927578406065391,
				"y": 0.025538761612552363
			}
		}
	},
	"Bryson": {
		"_coords": {
			"x": 0.4913494847923874,
			"y": 0.020354443476950024
		},
		"Appalachian Hardwoods": {
			"_coords": {
				"x": 0.4356286250784012,
				"y": 0.013501147970417609
			},
			"R1": {
				"x": 0.4373817582735262,
				"y": 0.016653155484795342
			},
			"G3-A": {
				"x": 0.4388494132557274,
				"y": 0.015395165500051461
			},
			"G3-B": {
				"x": 0.4356281964766105,
				"y": 0.015414225954365762
			}
		},
		"Bryson Depot": {
			"_coords": {
				"x": 0.5028233898540186,
				"y": 0.017349373103665647
			},
			"Team BR1": {
				"x": 0.5109987272360692,
				"y": 0.019146334568690884
			},
			"Bryson Depot": {
				"x": 0.5023130664276241,
				"y": 0.017280349222274772
			}
		},
		"Bryson Engine Service": {
			"_coords": {
				"x": 0.480039492660208,
				"y": 0.013196912224218142
			},